1	Chemical Reactions and Equations	jesc101.pdf
2	Acids, Bases and Salts	jesc102.pdf
3	Metals and Non-metals	jesc103.pdf
4	Carbon and its Compounds	jesc104.pdf
5	Life Processes	jesc105.pdf
6	Control and Coordination	jesc106.pdf
7	How do Organisms Reproduce?	jesc107.pdf
8	Heredity	jesc108.pdf
9	Light - Reflection and Refraction	jesc109.pdf
10	The Human Eye and the Colourful World	jesc110.pdf
11	Electricity	jesc111.pdf
12	Magnetic Effects of Electric Current	jesc112.pdf
13	Our Environment	jesc113.pdf
